position,drci,var_true,var_cold,var_ratio,mutual_info_proxy,var_true_total,var_cold_total,var_ratio_total,mutual_info_proxy_total,true_self_sim,cold_self_sim,cross_sim,model
1,0.003060162,2.2686865e-05,3.0496829e-05,0.743909,0.25609099864959717,0.00888954684718454,0.011949778212699593,0.743908940312984,0.25609105968701595,0.9911104,0.9880503,0.98956054,GPT-4o-mini (Phil)
2,0.018248737,0.0001831297,0.0002297018,0.7972497,0.2027503252029419,0.07175694482759737,0.09000560717571471,0.797249716759411,0.20275028324058897,0.9282431,0.9099944,0.82524884,GPT-4o-mini (Phil)
3,0.01728028,0.000106113344,0.000150214,0.7064145,0.29358547925949097,0.0415791034151279,0.05885935818023226,0.7064144887174817,0.2935855112825183,0.9584209,0.9411406,0.89012325,GPT-4o-mini (Phil)
4,0.011023581,0.00016340916,0.00019154201,0.8531244,0.14687561988830566,0.06402970834333077,0.07505319309246608,0.8531243735952141,0.1468756264047859,0.9359703,0.9249468,0.90475017,GPT-4o-mini (Phil)
5,0.15108192,0.0002309569,0.0006165306,0.37460735,0.6253926455974579,0.09049739833337271,0.24157934067261316,0.37460735707534787,0.6253926429246521,0.9095026,0.75842065,0.31667894,GPT-4o-mini (Phil)
6,0.0061992407,0.0002536143,0.00026943546,0.9412803,0.0587196946144104,0.09937540890729454,0.10557471093848339,0.9412804261922055,0.05871957380779447,0.9006246,0.8944252,0.6866548,GPT-4o-mini (Phil)
7,0.040655375,0.00033862496,0.00044238102,0.76545995,0.23454004526138306,0.13268571117343922,0.1733411395833957,0.7654600142374347,0.2345399857625653,0.8673143,0.82665884,0.7471852,GPT-4o-mini (Phil)
8,0.022144318,0.00031493907,0.00037145303,0.84785706,0.1521429419517517,0.12340469692983437,0.14554893533004043,0.8478570911563678,0.15214290884363224,0.8765954,0.8544511,0.7261881,GPT-4o-mini (Phil)
9,0.17844391,0.00028713435,0.0007425382,0.38669303,0.6133069694042206,0.11250977825189876,0.29095372221381866,0.3866930362527432,0.6133069637472568,0.88749015,0.70904624,0.5996549,GPT-4o-mini (Phil)
10,0.07078838,0.00018537715,0.000366035,0.50644654,0.4935534596443176,0.07263758496183055,0.1434259559581773,0.5064465805827469,0.49355341941725306,0.9273625,0.85657406,0.67806953,GPT-4o-mini (Phil)
11,0.0786041,0.00029995522,0.0005005593,0.5992402,0.40075981616973877,0.11753347352696246,0.19613752178098015,0.5992401273337589,0.40075987266624113,0.8824665,0.8038625,0.4355738,GPT-4o-mini (Phil)
12,-0.016048968,0.00025108238,0.00021012405,1.1949245,-0.1949244737625122,0.09838329412135075,0.0823343205391763,1.1949244674283555,-0.19492446742835545,0.9016167,0.9176657,0.86996853,GPT-4o-mini (Phil)
13,-0.06351864,0.00044717468,0.0002850695,1.5686516,-0.568651556968689,0.17521948724905861,0.1117006911312019,1.5686517735440735,-0.5686517735440735,0.8247806,0.8882993,0.6565192,GPT-4o-mini (Phil)
14,-0.023551881,0.00032956767,0.0002694616,1.2230599,-0.22305989265441895,0.12913670901652435,0.105584955096331,1.223059752203387,-0.22305975220338703,0.8708634,0.8944151,0.757434,GPT-4o-mini (Phil)
15,-0.007620394,0.00020926727,0.0001898193,1.1024551,-0.10245513916015625,0.08199860879224385,0.07437816893613891,1.1024553301742055,-0.1024553301742055,0.9180014,0.9256218,0.88079435,GPT-4o-mini (Phil)
16,0.00553751,0.00018431268,0.00019844528,0.92878336,0.0712166428565979,0.07222047774680457,0.07775815770970027,0.928783292634454,0.07121670736554597,0.9277796,0.9222419,0.9193551,GPT-4o-mini (Phil)
17,-0.042056262,0.0003248206,0.00021748942,1.4935007,-0.4935007095336914,0.1272766463981767,0.08522033879846172,1.4935008261252551,-0.49350082612525514,0.8727234,0.91477966,0.71107,GPT-4o-mini (Phil)
18,0.0509305,0.00035528556,0.00048526438,0.73214847,0.2678515315055847,0.1392139237760755,0.19014441516618596,0.7321483707759847,0.2678516292240153,0.860786,0.8098556,0.52164847,GPT-4o-mini (Phil)
19,0.11909866,0.00033939804,0.0006433475,0.5275501,0.4724498987197876,0.13298862100239123,0.2520871905741428,0.5275500936779142,0.47244990632208583,0.8670113,0.7479128,0.5482279,GPT-4o-mini (Phil)
20,-0.06993878,0.00027057927,9.208962e-05,2.938217,-1.9382169246673584,0.1060229045453937,0.03608409547325607,2.93821704977954,-1.93821704977954,0.893977,0.9639158,0.6538366,GPT-4o-mini (Phil)
21,-0.026509762,0.00032993327,0.00026227802,1.2579525,-0.2579524517059326,0.1292799776794924,0.10277016011844768,1.2579524789149967,-0.25795247891499673,0.8707201,0.89722973,0.86437666,GPT-4o-mini (Phil)
22,-0.007885456,0.0002993407,0.0002792162,1.0720749,-0.07207489013671875,0.11729267706215842,0.10940716720110875,1.0720748929231918,-0.0720748929231918,0.88270736,0.8905928,0.81749666,GPT-4o-mini (Phil)
23,0.03826189,0.00037949055,0.00047713783,0.79534787,0.20465213060379028,0.14869834126235928,0.18696012187510386,0.7953479050558984,0.20465209494410164,0.8513016,0.81303984,0.74554396,GPT-4o-mini (Phil)
24,0.03705114,0.00020817753,0.00030273516,0.6876556,0.31234437227249146,0.08157159924380156,0.11862274846959217,0.6876556166181874,0.3123443833818126,0.9184284,0.8813773,0.7988711,GPT-4o-mini (Phil)
25,0.028699517,0.00023689608,0.00031013964,0.76383686,0.23616313934326172,0.0928245814875406,0.12152411492297693,0.7638367211838871,0.23616327881611288,0.90717536,0.87847596,0.83544403,GPT-4o-mini (Phil)
26,0.035817146,0.00037891278,0.00047032084,0.80564743,0.19435256719589233,0.14847195683180991,0.18428899013925445,0.8056474601093636,0.1943525398906364,0.85152805,0.815711,0.61699396,GPT-4o-mini (Phil)
27,-0.01597017,0.00019434855,0.00015359149,1.2653601,-0.26536011695861816,0.07615289721373883,0.06018278908321689,1.2653600534936906,-0.26536005349369063,0.9238471,0.93981725,0.9144254,GPT-4o-mini (Phil)
28,0.029066086,0.00040656267,0.00048074187,0.8456985,0.15430152416229248,0.1593061921763934,0.18837233513070584,0.8456984517702968,0.1543015482297032,0.84069383,0.8116277,0.60381687,GPT-4o-mini (Phil)
29,-0.028701425,0.00026222592,0.00018897738,1.3876047,-0.3876047134399414,0.10274974637241609,0.0740482739792988,1.3876048805829175,-0.38760488058291753,0.8972503,0.92595166,0.77918535,GPT-4o-mini (Phil)
30,0.010864794,0.00030660452,0.00033433258,0.9170644,0.08293557167053223,0.1201389092697093,0.13100378781220856,0.9170643939084123,0.08293560609158768,0.8798611,0.8689963,0.6495044,GPT-4o-mini (Phil)
1,0.0005893111,6.7374954e-06,8.241285e-06,0.8175297,0.18247032165527344,0.0026399984046589966,0.003229238200041615,0.817529782914427,0.18247021708557298,0.99736,0.99677074,0.99704725,GPT-4o (Phil)
2,0.033000708,0.00014873852,0.00023295912,0.63847476,0.3615252375602722,0.058281216379010875,0.0912819425493928,0.6384747601912045,0.3615252398087955,0.94171876,0.908718,0.8140751,GPT-4o (Phil)
3,0.030715704,0.0001243431,0.00020273203,0.6133372,0.3866627812385559,0.04872219424138766,0.07943785617543214,0.6133372246827583,0.3866627753172417,0.9512778,0.9205622,0.87480754,GPT-4o (Phil)
4,0.008071542,0.00018943487,0.00021003392,0.90192515,0.09807485342025757,0.07422753940848624,0.08229900748558638,0.9019250860526629,0.09807491394733714,0.9257725,0.917701,0.883624,GPT-4o (Phil)
5,0.16166359,0.000249504,0.00066208304,0.37684697,0.623153030872345,0.0977648360755147,0.25942845684220295,0.37684700154146944,0.6231529984585306,0.9022352,0.7405715,0.22735707,GPT-4o (Phil)
6,0.006852746,0.0002489224,0.000266411,0.9343549,0.06564509868621826,0.09753694381772565,0.10438961415103051,0.9343548648106846,0.06564513518931536,0.902463,0.89561033,0.58568054,GPT-4o (Phil)
7,-0.0134913325,0.00042100262,0.00038657183,1.089067,-0.08906698226928711,0.16496428875042451,0.15147303227916592,1.0890670521891588,-0.08906705218915878,0.83503574,0.8485269,0.6018394,GPT-4o (Phil)
8,0.016203761,0.00043754108,0.00047889457,0.913648,0.08635199069976807,0.17144467611175546,0.18764847712674532,0.9136481080843243,0.08635189191567572,0.82855535,0.8123515,0.769348,GPT-4o (Phil)
9,0.096227586,0.0005940165,0.0008395974,0.70750165,0.2924983501434326,0.2327574968140887,0.32898511109350426,0.707501613189827,0.29249838681017304,0.7672425,0.6710149,0.57703465,GPT-4o (Phil)
10,0.16285545,0.00021987654,0.00063549745,0.34599122,0.6540087759494781,0.08615571506316723,0.24901123575415862,0.3459912754628719,0.6540087245371281,0.9138443,0.75098884,0.6147344,GPT-4o (Phil)
11,0.16706783,0.00037789953,0.0008042703,0.4698663,0.5301336944103241,0.14807492021441915,0.31514265593784885,0.4698663206152006,0.5301336793847994,0.851925,0.68485737,0.36693323,GPT-4o (Phil)
12,0.021679938,0.00022193872,0.00027726794,0.80044854,0.19955146312713623,0.08696374397243432,0.1086437666603327,0.8004485360335538,0.19955146396644619,0.9130362,0.8913562,0.7962105,GPT-4o (Phil)
13,0.15345961,0.00036698984,0.0007586318,0.48375225,0.5162477493286133,0.14380010157526263,0.29725979359905047,0.48375227552375577,0.5162477244762442,0.85619986,0.7027402,0.67436445,GPT-4o (Phil)
14,-0.03658712,0.00033525753,0.00024188422,1.3860248,-0.3860248327255249,0.1313662266557443,0.09477912760463672,1.3860248556383388,-0.38602485563833877,0.8686338,0.9052208,0.7297671,GPT-4o (Phil)
15,-0.0070536137,0.00023747278,0.00021947152,1.0820209,-0.08202087879180908,0.0930505619987041,0.0859970104301016,1.0820208927417962,-0.08202089274179625,0.90694946,0.914003,0.8682852,GPT-4o (Phil)
16,-0.015446246,0.00024356514,0.00020414525,1.1930972,-0.19309723377227783,0.09543777241406654,0.07999161303914644,1.193097235923484,-0.19309723592348393,0.90456223,0.92000836,0.8865315,GPT-4o (Phil)
17,-0.016909182,0.00034302557,0.00029987202,1.1439066,-0.1439065933227539,0.1344100214426396,0.11750086513997485,1.1439066536448175,-0.14390665364481747,0.86559004,0.8824992,0.79348767,GPT-4o (Phil)
18,0.13203412,0.00031516742,0.0006521298,0.4832894,0.5167106091976166,0.12349417906416664,0.25552841800931536,0.4832894126854596,0.5167105873145403,0.8765059,0.74447155,0.5201785,GPT-4o (Phil)
19,0.11586499,0.0004357699,0.0007314671,0.59574777,0.40425223112106323,0.17075065515292337,0.28661567076251726,0.595747799478847,0.40425220052115296,0.8292493,0.71338433,0.5371629,GPT-4o (Phil)
20,-0.06855935,0.00031757334,0.00014260395,2.2269604,-1.2269604206085205,0.12443692005069124,0.05587747096388539,2.226960488800881,-1.2269604888008812,0.87556314,0.9441226,0.76229453,GPT-4o (Phil)
21,-0.028639734,0.00026706664,0.00019397553,1.3768058,-0.37680578231811523,0.10464652308836112,0.07600674170320215,1.3768058035824522,-0.3768058035824522,0.89535344,0.92399323,0.8697228,GPT-4o (Phil)
22,-0.030074716,0.00036019736,0.0002834441,1.270788,-0.27078795433044434,0.14113855438228368,0.11106380685124756,1.2707880126179765,-0.27078801261797647,0.8588614,0.88893616,0.80737305,GPT-4o (Phil)
23,0.032448888,0.00043372042,0.0005165327,0.8396766,0.1603233814239502,0.1699475992058978,0.2023964754537813,0.8396766733455621,0.16032332665443794,0.83005244,0.7976035,0.69005567,GPT-4o (Phil)
24,-0.029033184,0.00030307798,0.00022898252,1.3235856,-0.3235856294631958,0.11875707990080946,0.08972375786508083,1.3235856670134853,-0.32358566701348535,0.88124293,0.91027623,0.8540548,GPT-4o (Phil)
25,0.008192897,0.00030900474,0.00032991357,0.9366233,0.06337672472000122,0.12107940820699566,0.12927225753675603,0.9366232981006702,0.06337670189932976,0.8789206,0.87072784,0.83503777,GPT-4o (Phil)
26,0.10483909,0.0005083207,0.00077587896,0.65515465,0.34484535455703735,0.1991787101640597,0.30401785845676566,0.6551546385305023,0.34484536146949774,0.8008213,0.69598216,0.5710387,GPT-4o (Phil)
27,-0.0018990636,0.00018492674,0.00018008011,1.0269138,-0.026913762092590332,0.07246108893417688,0.07056199704300362,1.0269138058835816,-0.02691380588358161,0.927539,0.929438,0.9088344,GPT-4o (Phil)
28,0.0029055476,0.0005673019,0.0005747174,0.9870971,0.012902915477752686,0.222289715746983,0.225195384904775,0.9870971194235589,0.012902880576441067,0.77771026,0.77480465,0.65846395,GPT-4o (Phil)
29,-0.06917381,0.00037313832,0.0001966008,1.8979491,-0.8979490995407104,0.14620929032855623,0.07703541389270588,1.8979490462944095,-0.8979490462944095,0.85379064,0.9229646,0.805618,GPT-4o (Phil)
30,0.002970457,0.00032689326,0.00033447426,0.9773346,0.02266538143157959,0.1280887840227194,0.13105928753281582,0.977334658489177,0.022665341510823,0.8719113,0.8689407,0.6387479,GPT-4o (Phil)
1,0.0036699772,4.722642e-05,5.6592482e-05,0.83449984,0.16550016403198242,0.018505045679293786,0.02217501294105488,0.8344998818482533,0.1655001181517467,0.98149496,0.97782505,0.9796727,Claude Haiku (Phil)
2,-0.006298542,0.00055847986,0.00054240535,1.0296355,-0.02963554859161377,0.21883291199872984,0.2125343345665966,1.029635576035173,-0.029635576035172972,0.7811671,0.7874657,0.7329624,Claude Haiku (Phil)
3,0.011438012,0.0002684198,0.0002976102,0.9019173,0.09808272123336792,0.10517673460497756,0.11661461657866443,0.9019172526629949,0.09808274733700506,0.8948233,0.88338536,0.85804474,Claude Haiku (Phil)
4,0.010397911,0.00033235596,0.000358892,0.9260612,0.07393878698348999,0.1302292786555285,0.14062705710476198,0.9260613237359613,0.07393867626403872,0.8697707,0.85937303,0.82227284,Claude Haiku (Phil)
5,-0.070581436,0.00042691492,0.00024678503,1.7299061,-0.7299060821533203,0.16728096575997864,0.09669944202378192,1.7299062151655245,-0.7299062151655245,0.83271897,0.9033006,0.36304352,Claude Haiku (Phil)
6,0.06530589,0.00040543234,0.00057209824,0.7086761,0.2913239002227783,0.15886327775150538,0.224169116216324,0.7086760229638491,0.29132397703615087,0.8411367,0.77583086,0.61059636,Claude Haiku (Phil)
7,0.11881775,0.00033855092,0.0006417838,0.52751553,0.4724844694137573,0.1326566935002222,0.25147447028232683,0.5275155499931679,0.47248445000683215,0.86734337,0.74852556,0.7459354,Claude Haiku (Phil)
8,-0.009328961,0.0005444226,0.00052061427,1.0457312,-0.045731186866760254,0.2133247782050146,0.20399579658056777,1.0457312443727849,-0.04573124437278486,0.7866753,0.79600424,0.66439533,Claude Haiku (Phil)
9,0.1116671,0.0005696069,0.0008545906,0.666526,0.33347398042678833,0.2231928957721644,0.33485996753760444,0.6665260628596938,0.33347393714030615,0.7768071,0.66514003,0.5129486,Claude Haiku (Phil)
10,-0.031907678,0.00038877022,0.0003073392,1.2649548,-0.2649548053741455,0.15233444393779239,0.12042678483126111,1.2649548366772347,-0.26495483667723474,0.8476655,0.8795732,0.5070173,Claude Haiku (Phil)
11,0.13731068,0.00040535358,0.0007557817,0.53633684,0.46366316080093384,0.15883242148474191,0.2961430246025357,0.5363368652627111,0.46366313473728893,0.84116757,0.70385695,0.43391475,Claude Haiku (Phil)
12,-0.03250152,0.00044666682,0.00036372003,1.2280512,-0.22805118560791016,0.1750204736634295,0.142518858869858,1.228051326338857,-0.22805132633885705,0.8249795,0.8574812,0.72537464,Claude Haiku (Phil)
13,-0.03344989,0.0005255879,0.0004402207,1.1939191,-0.19391906261444092,0.20594464259536144,0.1724946510235845,1.1939190077679769,-0.19391900776797688,0.79405534,0.8275054,0.5905669,Claude Haiku (Phil)
14,-0.008498371,0.0005670827,0.0005453944,1.0397663,-0.03976631164550781,0.22220384674316207,0.21370555648313605,1.039766351422391,-0.03976635142239093,0.77779615,0.78629446,0.71428686,Claude Haiku (Phil)
15,0.0014739633,0.00043659532,0.00044035702,0.99145764,0.008542358875274658,0.17107408851398845,0.17254806603036627,0.9914575830938701,0.00854241690612989,0.8289259,0.82745194,0.79602003,Claude Haiku (Phil)
16,-0.016524374,0.0005421049,0.00049993285,1.0843554,-0.08435535430908203,0.2124166127208284,0.19589206984990953,1.0843553436521438,-0.08435534365214381,0.7875834,0.8041079,0.7685209,Claude Haiku (Phil)
17,-0.0016028881,0.00060108706,0.00059699616,1.0068525,-0.006852507591247559,0.2355279783138065,0.23392502991869915,1.0068524022233296,-0.006852402223329612,0.76447195,0.76607496,0.63329715,Claude Haiku (Phil)
18,-0.014741898,0.00047646774,0.00043884537,1.0857303,-0.08573031425476074,0.18669755425068674,0.1719557313996159,1.0857303372855402,-0.08573033728554025,0.81330246,0.8280443,0.48701113,Claude Haiku (Phil)
19,-0.0387581,0.0006915182,0.00059260445,1.1669136,-0.16691362857818604,0.27096221762671446,0.23220418883655203,1.1669135642399806,-0.1669135642399806,0.72903776,0.7677958,0.5680582,Claude Haiku (Phil)
20,-0.019327104,0.0005417348,0.0004924105,1.1001691,-0.10016906261444092,0.21227158409560612,0.19294452145763252,1.1001690148648118,-0.10016901486481178,0.78772837,0.8070555,0.6243907,Claude Haiku (Phil)
21,0.03756976,0.0005430077,0.0006388885,0.8499256,0.15007442235946655,0.21277037265943052,0.2503399794403741,0.8499256616345137,0.15007433836548634,0.78722966,0.74966,0.707254,Claude Haiku (Phil)
22,-0.011201978,0.00053229043,0.00050370186,1.056757,-0.05675697326660156,0.20857093551875766,0.19736888953171117,1.0567568982813103,-0.05675689828131025,0.79142904,0.80263114,0.73063743,Claude Haiku (Phil)
23,-0.023401856,0.0005529818,0.00049325865,1.1210787,-0.1210787296295166,0.216678579523984,0.19327685599854716,1.121078767576873,-0.12107876757687297,0.7833214,0.8067232,0.7590188,Claude Haiku (Phil)
24,0.03342569,0.0006706442,0.00075594935,0.88715494,0.11284506320953369,0.2627830384921859,0.29620872032050316,0.8871549703460788,0.11284502965392118,0.73721695,0.70379126,0.55033857,Claude Haiku (Phil)
25,-0.028662145,0.00060701254,0.00053386454,1.137016,-0.13701605796813965,0.23784981263749178,0.20918772788125806,1.137016090984569,-0.13701609098456902,0.7621502,0.79081225,0.6479712,Claude Haiku (Phil)
26,-0.020825267,0.00071452506,0.0006613773,1.0803592,-0.08035922050476074,0.2799771527592333,0.25915188756671725,1.0803593035267964,-0.08035930352679643,0.72002286,0.7408481,0.5983764,Claude Haiku (Phil)
27,-0.010508597,0.0004272653,0.0004004465,1.0669723,-0.06697225570678711,0.16741823832532726,0.15690963682152925,1.0669723142355534,-0.06697231423555339,0.83258176,0.8430903,0.7979335,Claude Haiku (Phil)
28,-0.010843217,0.0006942395,0.00066656666,1.0415155,-0.041515469551086426,0.2720285249269654,0.2611852840123541,1.0415155124669981,-0.04151551246699814,0.72797143,0.7388147,0.68263054,Claude Haiku (Phil)
29,-0.01837349,0.0006039249,0.0005570341,1.0841794,-0.08417940139770508,0.2366399457785673,0.21826640778655854,1.084179412573538,-0.084179412573538,0.7633601,0.7817336,0.7307772,Claude Haiku (Phil)
30,0.009462893,0.00052687735,0.0005510277,0.95617217,0.043827831745147705,0.20644990872671065,0.21591290047126996,0.9561721799674564,0.043827820032543596,0.7935501,0.7840871,0.7215379,Claude Haiku (Phil)
1,-0.0039563775,0.00010651243,9.641543e-05,1.1047239,-0.10472393035888672,0.04173548596297026,0.03777910605269551,1.104724021387808,-0.10472402138780801,0.9582645,0.9622209,0.95933044,Gemini Flash (Phil)
2,-0.034882367,0.0004350069,0.00034598433,1.2573023,-0.25730228424072266,0.17045166654388538,0.13556936596591873,1.257302232915479,-0.25730223291547905,0.8295484,0.8644307,0.6614762,Gemini Flash (Phil)
3,0.020431995,0.00025591723,0.00030806157,0.830734,0.1692659854888916,0.1002777728078406,0.12070983207582373,0.8307340925207422,0.16926590747925785,0.8997223,0.8792902,0.8771174,Gemini Flash (Phil)
4,0.09114289,0.00054975884,0.0007823632,0.70269006,0.297309935092926,0.21541573494417893,0.3065586546049749,0.7026901107122849,0.29730988928771507,0.7845843,0.6934414,0.65558904,Gemini Flash (Phil)
5,0.02256924,0.0010325568,0.0010901551,0.947165,0.05283498764038086,0.4045936610902089,0.4271628471206425,0.9471649133753913,0.052835086624608674,0.5954063,0.5728372,0.5250663,Gemini Flash (Phil)
6,0.061857462,0.00064092065,0.00079878606,0.80236834,0.19763165712356567,0.2511362589978718,0.31299372050059815,0.8023683625224419,0.19763163747755808,0.74886376,0.68700624,0.51601,Gemini Flash (Phil)
7,-0.06946516,0.0010750935,0.00089781266,1.1974586,-0.19745862483978271,0.4212611444809467,0.3517959733345143,1.1974586874545596,-0.19745868745455963,0.57873887,0.648204,0.50024384,Gemini Flash (Phil)
8,0.07413715,0.0008333256,0.0010225297,0.8149647,0.18503528833389282,0.3265275941671118,0.40066465782973143,0.8149648035736526,0.18503519642634736,0.6734724,0.5993353,0.56416935,Gemini Flash (Phil)
9,0.0598678,0.0007679674,0.00092075503,0.83406264,0.1659373641014099,0.3009178306521623,0.360785637789667,0.8340626652871177,0.1659373347128823,0.6990822,0.63921434,0.5443719,Gemini Flash (Phil)
10,-0.07603091,0.00064165186,0.00044761496,1.4334906,-0.4334906339645386,0.25142275952080334,0.17539200072989689,1.433490458370411,-0.4334904583704109,0.74857724,0.82460797,0.7282575,Gemini Flash (Phil)
11,0.251322,0.0006966749,0.0013380699,0.5206566,0.4793434143066406,0.2729828210082111,0.5243049651976452,0.520656562741697,0.479343437258303,0.72701716,0.47569504,0.36113185,Gemini Flash (Phil)
12,-0.038302004,0.00029020305,0.00019245331,1.5079141,-0.5079140663146973,0.11371221550934688,0.07541027342131612,1.507914112365544,-0.507914112365544,0.88628787,0.92458975,0.85346717,Gemini Flash (Phil)
13,0.09104532,0.00041278367,0.00064513873,0.6398371,0.3601629137992859,0.1617438107585581,0.25278905136457075,0.6398370890094136,0.3601629109905864,0.8382561,0.747211,0.73531544,Gemini Flash (Phil)
14,-0.07268494,0.00076778565,0.0005822876,1.3185678,-0.31856775283813477,0.30084663377819654,0.22816167550813,1.3185677792214345,-0.31856777922143453,0.69915336,0.7718383,0.65970516,Gemini Flash (Phil)
15,-0.02365309,0.00031056892,0.0002502044,1.2412608,-0.24126076698303223,0.12169231161640601,0.09803928058883855,1.2412607567650824,-0.2412607567650824,0.87830776,0.9019608,0.87526876,Gemini Flash (Phil)
16,-0.09587175,0.0007290221,0.0004843497,1.5051565,-0.5051565170288086,0.2856576441589259,0.18978599499239812,1.5051566063679669,-0.5051566063679669,0.7143423,0.810214,0.6945065,Gemini Flash (Phil)
17,0.037649393,0.00069340825,0.0007894927,0.87829596,0.12170404195785522,0.2717028174945675,0.3093522161891191,0.8782960110699997,0.12170398893000034,0.7282972,0.6906478,0.67557913,Gemini Flash (Phil)
18,-0.024333298,0.0009119126,0.0008498118,1.0730759,-0.07307589054107666,0.35732086461207646,0.332987463210991,1.0730760286481629,-0.07307602864816287,0.6426791,0.6670125,0.43497905,Gemini Flash (Phil)
19,0.007152796,0.00083247136,0.0008507259,0.9785424,0.02145761251449585,0.326192867006295,0.3333456473746589,0.9785424515823223,0.021457548417677663,0.67380714,0.66665435,0.57628566,Gemini Flash (Phil)
20,-0.09833878,0.00062720146,0.00037623305,1.6670557,-0.6670557260513306,0.24576058809918352,0.1474219427095888,1.6670556877907596,-0.6670556877907596,0.7542394,0.8525781,0.66488457,Gemini Flash (Phil)
21,-0.1257366,0.0007168613,0.0003959709,1.8103887,-0.8103886842727661,0.2808925756844449,0.15515595140660654,1.8103886646818275,-0.8103886646818275,0.7191074,0.84484416,0.6407422,Gemini Flash (Phil)
22,0.01965022,0.00043920134,0.00048935023,0.8975194,0.10248059034347534,0.17209521552394155,0.1917454104091543,0.8975193469127509,0.10248065308724907,0.82790476,0.8082546,0.7958679,Gemini Flash (Phil)
23,0.10774851,0.00037597583,0.00065095915,0.57757205,0.4224279522895813,0.14732114526892898,0.25506969489194337,0.5775721233027682,0.4224278766972318,0.8526789,0.74493027,0.659879,Gemini Flash (Phil)
24,-0.21750158,0.0008674183,0.00031233605,2.7771957,-1.777195692062378,0.3398863617324826,0.12238473758578461,2.777195657213727,-1.7771956572137269,0.66011363,0.8776153,0.61963946,Gemini Flash (Phil)
25,-0.020771086,0.00051344355,0.0004604339,1.1151298,-0.11512982845306396,0.20118603541669094,0.18041491403665827,1.1151297357590526,-0.11512973575905261,0.798814,0.8195851,0.7659719,Gemini Flash (Phil)
26,-0.04329294,0.00093903596,0.0008285488,1.1333503,-0.13335025310516357,0.3679487825672083,0.32465582782940045,1.133350308316527,-0.13335030831652706,0.6320512,0.67534417,0.54073167,Gemini Flash (Phil)
27,-0.022698224,0.00020964413,0.00015171629,1.3818169,-0.3818168640136719,0.08214627561144994,0.059448017806332486,1.3818168989092787,-0.3818168989092787,0.9178538,0.94055206,0.89028984,Gemini Flash (Phil)
28,0.058632612,0.00079472194,0.00094435696,0.84154826,0.15845173597335815,0.3114012613168066,0.37003373504022663,0.8415483017594435,0.1584516982405565,0.68859875,0.6299662,0.60004586,Gemini Flash (Phil)
29,-0.0056222677,0.00079798425,0.00078363606,1.0183097,-0.018309712409973145,0.3126795584691302,0.3070573990981077,1.0183097993649917,-0.018309799364991663,0.6873204,0.6929426,0.5812578,Gemini Flash (Phil)
30,0.065173924,0.00058604457,0.0007523738,0.77892745,0.22107255458831787,0.22963381082944845,0.2948076962545653,0.7789274627049103,0.2210725372950897,0.7703662,0.7051923,0.6323574,Gemini Flash (Phil)
1,0.007358432,0.00029943636,0.00031821572,0.94098544,0.05901455879211426,0.11733016178313248,0.12468862298718658,0.940985303809071,0.05901469619092903,0.8826698,0.8753113,0.8782076,Gemini Flash (Med)
2,0.16219229,0.00060242397,0.0010163523,0.5927314,0.40726858377456665,0.2360518380426812,0.3982441772324239,0.5927314234274824,0.4072685765725176,0.7639482,0.6017558,0.60386175,Gemini Flash (Med)
3,-0.23755658,0.001256485,0.00065022084,1.9323974,-0.9323973655700684,0.4923369751383336,0.2547804151978895,1.9323972557150142,-0.9323972557150142,0.507663,0.7452196,0.4792381,Gemini Flash (Med)
4,0.09543842,0.00064647343,0.00089004013,0.7263419,0.2736580967903137,0.25331205413829233,0.3487504209213841,0.7263419309116601,0.2736580690883399,0.74668795,0.6512495,0.5541296,Gemini Flash (Med)
5,-0.14280552,0.00071184034,0.00034738876,2.0491173,-1.0491173267364502,0.27892516698617054,0.13611966494199185,2.049117349098942,-1.049117349098942,0.7210748,0.86388034,0.6817966,Gemini Flash (Med)
6,-0.031325698,0.0005224727,0.00044252677,1.1806579,-0.18065786361694336,0.2047239927419916,0.17339825111757368,1.1806577714741617,-0.18065777147416173,0.795276,0.82660174,0.5638799,Gemini Flash (Med)
7,0.043390393,0.00047706763,0.0005878036,0.8116106,0.18838942050933838,0.18693263002922722,0.23032303821714684,0.8116106468385005,0.18838935316149952,0.8130674,0.769677,0.71167654,Gemini Flash (Med)
8,0.11191189,0.0005825938,0.0008682021,0.67103475,0.3289652466773987,0.22828163124939702,0.3401934958793942,0.6710346729566156,0.32896532704338444,0.7717183,0.6598065,0.30130386,Gemini Flash (Med)
9,-0.072021544,0.0003145207,0.00013071559,2.4061453,-1.4061453342437744,0.1232407632909797,0.05121916793793607,2.4061453602743903,-1.4061453602743903,0.87675923,0.9487809,0.8008728,Gemini Flash (Med)
10,0.042903125,0.00038518963,0.00049468206,0.778661,0.22133898735046387,0.15093144958551175,0.19383459459614913,0.7786610532550946,0.2213389467449054,0.84906846,0.8061654,0.30429468,Gemini Flash (Med)
11,0.023761868,0.00027029173,0.00033093407,0.816754,0.18324601650238037,0.105910237665796,0.1296721360390915,0.8167540144003479,0.1832459855996521,0.8940898,0.87032783,0.7029279,Gemini Flash (Med)
12,0.10741788,0.0005389473,0.00081308675,0.6628411,0.3371589183807373,0.21117934097058122,0.31859725030071795,0.6628410658637293,0.33715893413627074,0.7888206,0.68140274,0.3794567,Gemini Flash (Med)
13,0.0882771,0.0005691705,0.0007944612,0.71642333,0.2835766673088074,0.2230219153747135,0.31129903514638146,0.7164234070620951,0.28357659293790494,0.776978,0.688701,0.65439206,Gemini Flash (Med)
14,-0.005052507,0.00043272343,0.0004198288,1.030714,-0.030714035034179688,0.16955694510825714,0.16450434645731676,1.0307140738816367,-0.030714073881636716,0.830443,0.8354956,0.7774411,Gemini Flash (Med)
15,-0.047490418,0.00052450266,0.0004033031,1.3005173,-0.30051732063293457,0.2055194156182029,0.15802897662612597,1.3005172849054925,-0.30051728490549245,0.7944806,0.84197104,0.6793357,Gemini Flash (Med)
16,-0.06713182,0.0008679929,0.00069666683,1.2459224,-0.24592244625091553,0.3401115084163957,0.2729796792915574,1.2459224411833885,-0.24592244118338846,0.6598885,0.72702026,0.5214634,Gemini Flash (Med)
17,-0.08589846,0.0005976307,0.00037841048,1.5793185,-0.5793185234069824,0.23417364649012923,0.14827512795611494,1.5793184583151243,-0.5793184583151243,0.76582634,0.8517249,0.71914685,Gemini Flash (Med)
18,-0.079119205,0.0005145,0.0003125813,1.6459718,-0.6459717750549316,0.20160000807343892,0.12248083779199849,1.6459718247176227,-0.6459718247176227,0.7984,0.87751925,0.63340986,Gemini Flash (Med)
19,-0.10258299,0.00091911125,0.0006573107,1.3982904,-0.39829039573669434,0.3601415131618749,0.25755846087492007,1.3982903607145447,-0.3982903607145447,0.6398585,0.74244153,0.5770343,Gemini Flash (Med)
20,-0.11549485,0.0007169964,0.00042224405,1.6980616,-0.6980615854263306,0.28094551288708436,0.165450732840059,1.698061459532331,-0.6980614595323309,0.71905446,0.8345493,0.65127677,Gemini Flash (Med)
21,0.023663223,0.0006750201,0.0007354103,0.91788226,0.08211773633956909,0.2644976718973526,0.28816081301923047,0.9178821683838785,0.08211783161612152,0.7355023,0.71183914,0.41023543,Gemini Flash (Med)
22,0.0754959,0.0006610337,0.00085370545,0.7743112,0.22568881511688232,0.259017258072621,0.3345131504978618,0.7743111375057186,0.22568886249428144,0.7409827,0.6654869,0.41464385,Gemini Flash (Med)
23,-0.086398184,0.00044297366,0.00022247806,1.9910891,-0.9910891056060791,0.1735733431321722,0.08717508045061058,1.9910889928058162,-0.9910889928058162,0.8264267,0.91282487,0.671009,Gemini Flash (Med)
24,0.27397966,0.0005120424,0.0012112613,0.4227349,0.5772651135921478,0.2006370233512973,0.4746166754819353,0.4227348799903974,0.5772651200096026,0.79936296,0.52538335,0.51712793,Gemini Flash (Med)
25,-0.13824487,0.000832076,0.00047926372,1.7361548,-0.7361547946929932,0.3260379829634068,0.18779312967744516,1.7361550101615113,-0.7361550101615113,0.673962,0.81220686,0.55856514,Gemini Flash (Med)
26,0.029491663,0.0006622351,0.0007375002,0.89794564,0.10205435752868652,0.25948800675133177,0.28897965388973385,0.8979455932573882,0.10205440674261179,0.740512,0.71102035,0.43444893,Gemini Flash (Med)
27,-0.11846441,0.00039964064,9.730989e-05,4.1068864,-3.106886386871338,0.1565938925123602,0.03812959076514105,4.106886262611607,-3.1068862626116074,0.8434061,0.96187043,0.5792863,Gemini Flash (Med)
28,-0.1241858,0.0009775035,0.0006605708,1.479786,-0.4797860383987427,0.38302176863703213,0.2588359270278616,1.4797859518002805,-0.4797859518002805,0.6169782,0.7411641,0.557891,Gemini Flash (Med)
29,-0.0696646,0.0005467581,0.00036896826,1.4818568,-0.4818568229675293,0.21423991939271977,0.1445753134791161,1.4818568553452711,-0.4818568553452711,0.78576005,0.8554247,0.7145331,Gemini Flash (Med)
30,0.2274743,0.00088366587,0.0014641993,0.60351473,0.39648526906967163,0.3462527730088921,0.5737270021845926,0.6035148628013987,0.39648513719860135,0.6537472,0.42627302,0.17727183,Gemini Flash (Med)
1,0.010239422,0.0003892992,0.00041543102,0.93709713,0.06290286779403687,0.15254173454036768,0.16278112328778727,0.9370971981234153,0.0629028018765847,0.84745824,0.8372189,0.8419332,DeepSeek V3.1 (Med)
2,-0.01297009,0.00037210746,0.00033900654,1.097641,-0.0976409912109375,0.1458053795245956,0.13283522182238983,1.0976409533877076,-0.09764095338770762,0.85419464,0.8671648,0.7920163,DeepSeek V3.1 (Med)
3,0.02598989,0.0006621809,0.0007285098,0.9089526,0.09104740619659424,0.25946679465499717,0.2854568991135431,0.9089526140749952,0.09104738592500483,0.74053323,0.7145431,0.5962534,DeepSeek V3.1 (Med)
4,-0.04624325,0.00051835604,0.00040033963,1.2947907,-0.29479074478149414,0.2031109543391128,0.15686778664783738,1.294790719493542,-0.29479071949354196,0.79688907,0.8431322,0.7557538,DeepSeek V3.1 (Med)
5,-0.06544727,0.0003521666,0.00018513975,1.9021662,-0.9021662473678589,0.13799181395342952,0.07254455301065404,1.9021664374052143,-0.9021664374052143,0.8620082,0.9274555,0.75306696,DeepSeek V3.1 (Med)
6,-0.010894299,0.0004962757,0.00046847257,1.0593485,-0.059348464012145996,0.1944590539751276,0.18356475735696287,1.0593485196996695,-0.05934851969966948,0.8055409,0.8164353,0.65184414,DeepSeek V3.1 (Med)
7,-0.0154412985,0.00035007345,0.00031066578,1.126849,-0.12684905529022217,0.13717163291409834,0.1217302579199242,1.1268491109608236,-0.12684911096082363,0.86282843,0.8782698,0.83282673,DeepSeek V3.1 (Med)
8,0.08184981,0.00035021082,0.0005590984,0.626385,0.373615026473999,0.13722546055430299,0.21907528704826926,0.6263849400962685,0.37361505990373145,0.86277455,0.7809247,0.61672634,DeepSeek V3.1 (Med)
9,-0.02385515,0.0003064029,0.0002455225,1.2479625,-0.24796247482299805,0.1200599050813515,0.09620473946400332,1.2479624782547643,-0.24796247825476425,0.8799401,0.90379536,0.85041136,DeepSeek V3.1 (Med)
10,0.12388384,0.00033032955,0.00064649107,0.51095766,0.48904234170913696,0.12943525157570746,0.2533189452298374,0.5109576445546553,0.4890423554453447,0.8705647,0.7466811,0.2812144,DeepSeek V3.1 (Med)
11,0.010908246,0.00028838823,0.0003162271,0.9119656,0.08803439140319824,0.11300110975824074,0.1239093885255445,0.9119656799447851,0.08803432005521494,0.88699895,0.87609065,0.81629676,DeepSeek V3.1 (Med)
12,0.036710322,0.00052033644,0.00061402406,0.8474203,0.15257972478866577,0.20388692227189512,0.24059716818219828,0.8474202909881989,0.15257970901180107,0.7961131,0.7594029,0.43987343,DeepSeek V3.1 (Med)
13,-0.04227847,0.00036456657,0.00025666857,1.4203787,-0.4203786849975586,0.14285058157379038,0.1005721660906701,1.42037888937387,-0.42037888937387,0.8571494,0.89942783,0.770377,DeepSeek V3.1 (Med)
14,0.015818119,0.00029506334,0.0003354326,0.8796502,0.12034982442855835,0.11561666308847782,0.1314348071588169,0.8796502660727801,0.12034973392721993,0.8843834,0.86856526,0.82199883,DeepSeek V3.1 (Med)
15,-0.06616318,0.000488408,0.00031955427,1.528404,-0.5284039974212646,0.19137619954293703,0.1252131107846272,1.5284038416081973,-0.5284038416081973,0.80862385,0.874787,0.72419196,DeepSeek V3.1 (Med)
16,-0.06160879,0.00055590994,0.00039867955,1.3943778,-0.39437782764434814,0.2178259310778144,0.15621729780557775,1.3943777938657758,-0.39437779386577576,0.78217405,0.84378266,0.7303926,DeepSeek V3.1 (Med)
17,0.0041956306,0.00033299415,0.0003437019,0.96884584,0.031154155731201172,0.13047933172631376,0.13467502087596395,0.9688458251399535,0.031154174860046457,0.86952066,0.865325,0.8243873,DeepSeek V3.1 (Med)
18,-0.011391342,0.00041848808,0.00038941624,1.0746549,-0.07465493679046631,0.1639789897315902,0.15258758174515874,1.074654882501884,-0.07465488250188401,0.836021,0.8474124,0.77581877,DeepSeek V3.1 (Med)
19,-0.0010459423,0.00045077145,0.00044810213,1.0059569,-0.005956888198852539,0.17662880940180636,0.17558288224729413,1.0059568856663323,-0.0059568856663323455,0.8233712,0.8244172,0.74643403,DeepSeek V3.1 (Med)
20,0.008405924,0.0002210475,0.00024249987,0.91153663,0.08846336603164673,0.08661452848768364,0.09502035284778146,0.9115365907600491,0.08846340923995089,0.9133855,0.90497965,0.8573633,DeepSeek V3.1 (Med)
21,0.10125363,0.00023786201,0.0004962692,0.47930038,0.5206996202468872,0.0932030736814484,0.19445650476327664,0.4793003648549067,0.5206996351450933,0.9067969,0.80554354,0.45775712,DeepSeek V3.1 (Med)
22,0.09647083,0.00034476383,0.000590965,0.5833913,0.41660869121551514,0.13509112996180467,0.23156179727813045,0.5833912655270411,0.4166087344729589,0.86490893,0.7684382,0.5724563,DeepSeek V3.1 (Med)
23,-0.0368734,0.00038264136,0.00028853767,1.32614,-0.32614004611968994,0.14993294401924256,0.11305965027017217,1.3261401716789003,-0.3261401716789003,0.8500671,0.88694036,0.8264338,DeepSeek V3.1 (Med)
24,-0.028654397,0.00042247193,0.00034934352,1.2093309,-0.20933091640472412,0.16554002037225715,0.13688561936066346,1.2093309811901838,-0.20933098119018378,0.83446,0.8631144,0.75985044,DeepSeek V3.1 (Med)
25,-0.061850607,0.00047646635,0.0003186182,1.4954147,-0.49541473388671875,0.1866970136138023,0.12484631354700057,1.4954147087692498,-0.49541470876924976,0.813303,0.87515366,0.5725472,DeepSeek V3.1 (Med)
26,0.06613457,0.0003363553,0.00050513627,0.6658704,0.33412957191467285,0.13179635021788128,0.1979309474860963,0.6658703547465176,0.33412964525348243,0.86820364,0.80206907,0.47854418,DeepSeek V3.1 (Med)
27,-0.07625514,0.00036247083,0.00016786125,2.159348,-1.1593480110168457,0.1420293833391486,0.06577419822333694,2.159347999300371,-1.1593479993003708,0.85797054,0.9342258,0.709197,DeepSeek V3.1 (Med)
28,-0.041406095,0.0004506836,0.00034501194,1.3062841,-0.3062840700149536,0.1765944008165016,0.1351883493050729,1.306284171115883,-0.306284171115883,0.8234056,0.86481166,0.6878576,DeepSeek V3.1 (Med)
29,0.059657395,0.0005291023,0.0006813532,0.77654624,0.22345376014709473,0.20732170903572458,0.2669792094047643,0.7765462692692539,0.22345373073074615,0.7926783,0.7330208,0.68845075,DeepSeek V3.1 (Med)
30,0.2080515,0.0004854971,0.0010164623,0.4776341,0.5223658978939056,0.19023560271944523,0.3982872427761866,0.47763418530165214,0.5223658146983479,0.8097644,0.60171276,0.18558083,DeepSeek V3.1 (Med)
1,0.010239661,0.00029542853,0.00032156106,0.9187323,0.08126771450042725,0.11575976127890188,0.12599943270378888,0.9187324005739028,0.08126759942609718,0.88424027,0.8740005,0.87816757,Llama 4 Maverick (Med)
2,-0.013361692,0.00034566142,0.00031156148,1.1094486,-0.10944855213165283,0.13544284220913072,0.12208123004572047,1.1094485381446944,-0.10944853814469435,0.86455715,0.8779187,0.8261356,Llama 4 Maverick (Med)
3,0.20302224,0.0006510258,0.0011691556,0.55683416,0.4431658387184143,0.25509581969723827,0.4581181004892827,0.5568341862606803,0.44316581373931974,0.74490416,0.54188186,0.40286338,Llama 4 Maverick (Med)
4,-0.026943803,0.00027206424,0.00020330124,1.338232,-0.33823204040527344,0.10660476945735414,0.07966088989585737,1.3382322190565679,-0.33823221905656786,0.89339525,0.9203392,0.8694484,Llama 4 Maverick (Med)
5,-0.03441876,0.00023951339,0.0001516739,1.5791339,-0.5791338682174683,0.09385013576880402,0.059431407890943685,1.5791336449746995,-0.5791336449746995,0.9061499,0.9405686,0.7914086,Llama 4 Maverick (Med)
6,0.020248711,0.0004027713,0.0004544478,0.8862872,0.11371278762817383,0.15782058728750692,0.17806935164785573,0.8862872011777068,0.11371279882229324,0.8421794,0.82193065,0.63055515,Llama 4 Maverick (Med)
7,-0.039856076,0.00021054881,0.00010883291,1.9346061,-0.9346060752868652,0.08250076092423321,0.042644731112414916,1.9346061933596115,-0.9346061933596115,0.9174992,0.9573553,0.86763495,Llama 4 Maverick (Med)
8,-0.053908825,0.00041945826,0.00028187837,1.4880824,-0.4880824089050293,0.16435915348036303,0.11045029142620602,1.488082569616166,-0.4880825696161659,0.83564085,0.8895498,0.6109247,Llama 4 Maverick (Med)
9,-0.018204093,0.00023167895,0.0001852206,1.2508271,-0.2508270740509033,0.09078031891944774,0.07257623201250556,1.2508271151884194,-0.2508271151884194,0.90921974,0.9274238,0.82466865,Llama 4 Maverick (Med)
10,0.15334016,0.00032263255,0.0007139693,0.45188576,0.5481142401695251,0.12641928254632426,0.27975938779959475,0.4518857563303096,0.5481142436696904,0.8735807,0.72024065,0.22900987,Llama 4 Maverick (Med)
11,-0.014903426,0.00021265353,0.00017461869,1.2178165,-0.21781647205352783,0.08332545704706587,0.06842201657039232,1.217816445987688,-0.2178164459876879,0.9166745,0.93157804,0.8109016,Llama 4 Maverick (Med)
12,0.025741816,0.00029916986,0.00036486518,0.8199463,0.1800537109375,0.11722573623167327,0.14296757010583383,0.8199463426908299,0.1800536573091701,0.88277423,0.8570324,0.36897177,Llama 4 Maverick (Med)
13,-0.04186195,0.00032851586,0.00022168079,1.481932,-0.48193204402923584,0.12872457843088528,0.08686267451963242,1.4819320167466334,-0.48193201674663344,0.8712754,0.9131374,0.79445624,Llama 4 Maverick (Med)
14,0.0045740604,0.00016339116,0.00017506465,0.933319,0.06668102741241455,0.06402265720626052,0.0685967562005656,0.9333190190374138,0.06668098096258623,0.93597734,0.9314033,0.76788545,Llama 4 Maverick (Med)
15,-0.028582692,0.0002530724,0.0001801268,1.404968,-0.4049680233001709,0.09916306727040672,0.07058029069222234,1.4049682467705404,-0.40496824677054044,0.9008368,0.92941964,0.81178886,Llama 4 Maverick (Med)
16,0.028074086,0.00037825294,0.0004498999,0.8407491,0.1592509150505066,0.14821338775304224,0.176287320401118,0.8407489966709045,0.15925100332909548,0.8517866,0.8237127,0.71047205,Llama 4 Maverick (Med)
17,-0.003881514,0.00036352375,0.00035361768,1.0280135,-0.02801346778869629,0.14244197228724698,0.13856039060435993,1.0280136456454598,-0.028013645645459828,0.857558,0.8614395,0.74996513,Llama 4 Maverick (Med)
18,0.27869028,0.0003226739,0.0010339149,0.31208944,0.6879105567932129,0.1264354902442033,0.40512585419595637,0.3120894135357932,0.6879105864642068,0.8735645,0.59487414,0.5583655,Llama 4 Maverick (Med)
19,-0.113102436,0.0005240361,0.00023538934,2.2262526,-1.226252555847168,0.20533659803580478,0.09223418699753648,2.226252593751265,-1.2262525937512652,0.79466337,0.90776587,0.71052116,Llama 4 Maverick (Med)
20,-0.024215877,0.0002945341,0.00023273325,1.2655438,-0.2655438184738159,0.11540927707571431,0.09119343570859868,1.2655436893999192,-0.26554368939991924,0.88459074,0.9088066,0.788041,Llama 4 Maverick (Med)
21,0.060632467,0.00027934834,0.00043408736,0.64353025,0.3564697504043579,0.10945894597282446,0.1700913683060483,0.6435302805952687,0.35646971940473127,0.8905411,0.8299086,0.4076329,Llama 4 Maverick (Med)
22,-0.055024624,0.0004668579,0.00032643045,1.430191,-0.4301910400390625,0.18293207321120183,0.1279074452151645,1.4301909705371372,-0.4301909705371372,0.8170679,0.87209255,0.6191067,Llama 4 Maverick (Med)
23,0.005880952,0.00027608196,0.0002910906,0.94843996,0.051560044288635254,0.10817905713208953,0.11405998338823538,0.9484400568766659,0.05155994312333412,0.89182097,0.88594,0.8120003,Llama 4 Maverick (Med)
24,-0.03917873,0.0002402787,0.00014029111,1.712715,-0.7127150297164917,0.09415002975466148,0.05497121367034452,1.7127151370400409,-0.7127151370400409,0.90585,0.9450288,0.86529493,Llama 4 Maverick (Med)
25,-0.022637248,0.0004682526,0.00041048034,1.1407431,-0.14074313640594482,0.1834785840331196,0.16084127292193223,1.1407431730671198,-0.1407431730671198,0.8165214,0.8391588,0.666084,Llama 4 Maverick (Med)
26,-0.04295659,0.00042309985,0.00031347096,1.3497258,-0.3497258424758911,0.16578607072771653,0.12282943786744926,1.349725876842518,-0.349725876842518,0.8342139,0.87717056,0.66674834,Llama 4 Maverick (Med)
27,-0.038443685,0.00023808844,0.00013997704,1.7009107,-0.7009106874465942,0.09329179887415076,0.05484814805366047,1.7009106448385294,-0.7009106448385294,0.9067082,0.94515187,0.82800704,Llama 4 Maverick (Med)
28,-0.020035207,0.00034203054,0.00029089898,1.1757709,-0.17577087879180908,0.13402012112134035,0.11398491161396583,1.1757707158227049,-0.17577071582270487,0.86597973,0.8860151,0.7612574,Llama 4 Maverick (Med)
29,0.057029724,0.00022561116,0.00037115545,0.60786164,0.39213836193084717,0.0884027416541458,0.14543233504144926,0.6078616672760593,0.3921383327239407,0.91159725,0.8545677,0.7782461,Llama 4 Maverick (Med)
30,-0.15205592,0.0006240568,0.0002359972,2.6443398,-1.6443397998809814,0.244528377818102,0.09247237183608487,2.64433984943686,-1.64433984943686,0.75547165,0.9075277,0.10684692,Llama 4 Maverick (Med)
1,0.012494683,0.00037490518,0.0004067923,0.9216133,0.07838672399520874,0.1469016256513452,0.1593961498454507,0.9216133877372817,0.07838661226271826,0.8530983,0.8406039,0.8478453,Llama 4 Scout (Med)
2,-0.067780554,0.00045310042,0.0002801187,1.6175301,-0.617530107498169,0.17754138503676858,0.10976078338874673,1.6175302285148512,-0.6175302285148512,0.8224586,0.8902392,0.8142507,Llama 4 Scout (Med)
3,-0.001278162,0.0005151937,0.00051193166,1.006372,-0.006371974945068359,0.20187180888941925,0.2005936415531231,1.0063719234886996,-0.006371923488699638,0.7981282,0.7994064,0.4421795,Llama 4 Scout (Med)
4,-0.082521856,0.0004224664,0.00021186382,1.9940469,-0.9940469264984131,0.16553784466894605,0.08301602576626393,1.9940468498820543,-0.9940468498820543,0.83446217,0.916984,0.74774337,Llama 4 Scout (Med)
5,-0.030602634,0.00030463623,0.00022653547,1.3447617,-0.3447617292404175,0.1193676663866993,0.08876491547213483,1.3447617873772584,-0.3447617873772584,0.8806324,0.91123503,0.7466539,Llama 4 Scout (Med)
6,0.09196776,0.00034373146,0.00057844067,0.59423804,0.4057619571685791,0.1346866006194083,0.22665428996522938,0.5942380382037786,0.40576196179622137,0.8653134,0.77334565,0.6090308,Llama 4 Scout (Med)
7,0.008036137,0.00029197187,0.00031248064,0.9343679,0.06563210487365723,0.11440530677731779,0.12244138996388301,0.9343679193046105,0.0656320806953895,0.8855947,0.8775586,0.84655887,Llama 4 Scout (Med)
8,-0.0029761195,0.00044246382,0.00043486865,1.0174655,-0.01746547222137451,0.17337358056815522,0.17039751425414235,1.0174654326798112,-0.017465432679811155,0.8266265,0.8296025,0.5990194,Llama 4 Scout (Med)
9,-0.04161614,0.00027457197,0.0001683641,1.6308225,-0.6308225393295288,0.10758737763117299,0.065971245451807,1.630822290747371,-0.6308222907473711,0.8924126,0.93402874,0.8401994,Llama 4 Scout (Med)
10,-0.11917108,0.00045506578,0.00015093158,3.0150468,-2.0150468349456787,0.17831148448182185,0.05914053705294654,3.0150467575596336,-2.0150467575596336,0.82168853,0.94085956,0.17492692,Llama 4 Scout (Med)
11,-0.03477186,0.0002708376,0.00018209677,1.4873278,-0.48732781410217285,0.10612411828451107,0.07135219735969062,1.4873279620182285,-0.4873279620182285,0.89387596,0.92864776,0.86030525,Llama 4 Scout (Med)
12,0.17717987,0.00036638594,0.0008185637,0.44759613,0.5524038672447205,0.1435634836282685,0.3207433321692731,0.4475961593879761,0.552403840612024,0.85643655,0.6792567,0.28142577,Llama 4 Scout (Med)
13,-0.031143188,0.00040454534,0.00032506525,1.244505,-0.24450504779815674,0.1585157199025708,0.12737250740558198,1.2445049809518314,-0.24450498095183137,0.84148425,0.87262744,0.7914279,Llama 4 Scout (Med)
14,0.019204617,0.00024793233,0.00029694432,0.83494556,0.16505444049835205,0.09714899541098465,0.11635369839327855,0.8349454873588847,0.16505451264111526,0.902851,0.88364625,0.8602463,Llama 4 Scout (Med)
15,-0.03264278,0.0003118734,0.00022856647,1.3644757,-0.36447572708129883,0.12220345573293609,0.0895607416581723,1.3644757007411985,-0.3644757007411985,0.87779653,0.91043925,0.7912531,Llama 4 Scout (Med)
16,-0.06101668,0.0004019272,0.0002462075,1.6324735,-0.6324734687805176,0.15748983694778135,0.09647313620762774,1.6324734857674221,-0.6324734857674221,0.84251016,0.9035269,0.6912712,Llama 4 Scout (Med)
17,-0.023087502,0.00035922593,0.0003003047,1.1962048,-0.1962047815322876,0.14075793357668587,0.11767042259959136,1.19620487856712,-0.19620487856712,0.8592421,0.8823296,0.7515301,Llama 4 Scout (Med)
18,0.022218287,0.00043540882,0.0004921119,0.88477606,0.1152239441871643,0.17060916978258012,0.19282752560453814,0.884776015497265,0.11522398450273497,0.8293908,0.8071725,0.65553135,Llama 4 Scout (Med)
19,-0.08476418,0.00054585905,0.0003295341,1.656457,-0.6564569473266602,0.21388763971022437,0.12912356976808803,1.6564569899544799,-0.6564569899544799,0.78611237,0.87087643,0.7849361,Llama 4 Scout (Med)
20,-0.058567584,0.00034370366,0.00019423461,1.7695284,-0.7695283889770508,0.13467572798254113,0.07610826206207902,1.769528357810753,-0.769528357810753,0.86532426,0.9238917,0.831373,Llama 4 Scout (Med)
21,-0.032454014,0.00026556538,0.00018274026,1.4532396,-0.4532395601272583,0.10405827814309294,0.07160434504126846,1.4532397172702296,-0.4532397172702296,0.8959417,0.9283956,0.37252867,Llama 4 Scout (Med)
22,-0.029819727,0.0005065313,0.0004304288,1.1768062,-0.17680621147155762,0.19847756534170305,0.16865782970767196,1.176806114994581,-0.176806114994581,0.80152243,0.83134216,0.6286384,Llama 4 Scout (Med)
23,-0.033377886,0.00034967103,0.000264488,1.3220677,-0.3220677375793457,0.13701395767402305,0.10363611098784803,1.3220677268571839,-0.3220677268571839,0.8629861,0.8963639,0.81359947,Llama 4 Scout (Med)
24,-0.03237623,0.00027497453,0.00019234749,1.4295717,-0.4295717477798462,0.10774513395576578,0.0753688107005211,1.4295719005556875,-0.4295719005556875,0.8922549,0.9246311,0.8675664,Llama 4 Scout (Med)
25,-0.10419059,0.0004750362,0.00020913326,2.2714522,-1.2714521884918213,0.18613664118510023,0.08194608928355329,2.2714524001386134,-1.2714524001386134,0.8138633,0.91805387,0.58932275,Llama 4 Scout (Med)
26,-0.06584084,0.00051945023,0.00035141912,1.4781501,-0.4781501293182373,0.20353968452111942,0.13769891239062715,1.4781502699434095,-0.4781502699434095,0.79646033,0.8623011,0.69003683,Llama 4 Scout (Med)
27,-0.0767892,0.00037328046,0.00017730787,2.1052673,-1.1052672863006592,0.14626499165541548,0.06947574346276897,2.1052670236454074,-1.1052670236454074,0.853735,0.93052435,0.8500235,Llama 4 Scout (Med)
28,-0.066673815,0.00048486944,0.00031471212,1.5406761,-0.5406761169433594,0.18998965665711848,0.12331576742705871,1.5406761083451666,-0.5406761083451666,0.8100104,0.87668425,0.73355496,Llama 4 Scout (Med)
29,-0.0510602,0.00041019535,0.00027988537,1.4655834,-0.4655834436416626,0.1607296093074408,0.10966936488555086,1.465583478806279,-0.4655834788062789,0.83927035,0.8903306,0.77474964,Llama 4 Scout (Med)
30,-0.22063243,0.00065019465,8.712224e-05,7.463016,-6.463016033172607,0.2547701610437103,0.0341376946308344,7.463015994454197,-6.463015994454197,0.7452299,0.9658624,0.024953533,Llama 4 Scout (Med)
1,0.003437698,0.00026647976,0.00027525338,0.96812534,0.031874656677246094,0.10441656299182481,0.1078543878390871,0.9681253130619837,0.03187468693801632,0.89558345,0.89214563,0.89395684,Qwen3 235B (Med)
2,0.027152479,0.00021427416,0.00028356936,0.7556323,0.24436771869659424,0.08396048934516417,0.11111288842413881,0.7556323171500248,0.24436768284997523,0.9160395,0.8888871,0.8773457,Qwen3 235B (Med)
3,0.10752791,0.00032935236,0.00060377264,0.5454907,0.45450931787490845,0.1290523689145519,0.23658029541208267,0.545490775931971,0.45450922406802896,0.87094766,0.7634197,0.5380026,Qwen3 235B (Med)
4,-0.05942893,0.0003650078,0.00021334043,1.7109172,-0.7109172344207764,0.14302346649519637,0.08359461591920012,1.7109172034887783,-0.7109172034887783,0.85697657,0.9164054,0.7369311,Qwen3 235B (Med)
5,-0.07590133,0.0004038035,0.00021009722,1.9219841,-0.921984076499939,0.15822504678515004,0.08232380704303383,1.9219840829571901,-0.9219840829571901,0.84177494,0.91767615,0.76443803,Qwen3 235B (Med)
6,0.019001186,0.0003261407,0.00037463315,0.87056017,0.1294398307800293,0.12779390908700408,0.14679502848151815,0.8705601981820089,0.12943980181799108,0.87220603,0.8532049,0.61035585,Qwen3 235B (Med)
7,-0.008084178,0.0002314559,0.00021082458,1.0978601,-0.09786009788513184,0.09069292402226936,0.08260882306222722,1.0978600185836394,-0.09786001858363935,0.90930706,0.9173912,0.7950474,Qwen3 235B (Med)
8,0.074035704,0.00024663052,0.00043557564,0.5662174,0.43378257751464844,0.0966388917916306,0.17067453034124408,0.5662174174342959,0.4337825825657041,0.90336114,0.8293255,0.5378206,Qwen3 235B (Med)
9,-0.035931766,0.00024616608,0.00015446542,1.5936646,-0.5936646461486816,0.09645691357908527,0.06052522833815785,1.5936645961940874,-0.5936645961940874,0.9035431,0.93947476,0.8859395,Qwen3 235B (Med)
10,0.10048413,0.00031914908,0.0005755931,0.55446994,0.4455300569534302,0.1250543356886521,0.22553852088233406,0.5544699645959562,0.4455300354040438,0.8749456,0.77446145,0.33466485,Qwen3 235B (Med)
11,-0.0152513385,0.00025895145,0.0002200287,1.1768985,-0.17689847946166992,0.1014666897909483,0.08621532381136959,1.1768985524307392,-0.17689855243073915,0.89853334,0.9137847,0.8757004,Qwen3 235B (Med)
12,0.020964205,0.00030914918,0.00036265134,0.85246944,0.14753055572509766,0.12113599899659362,0.14210011942451045,0.8524693679863242,0.14753063201367578,0.878864,0.8578999,0.41789776,Qwen3 235B (Med)
13,-0.035720468,0.00026926506,0.00017810341,1.5118468,-0.5118467807769775,0.10550793753227028,0.06978745596623173,1.5118467362289683,-0.5118467362289683,0.8944921,0.93021256,0.7664876,Qwen3 235B (Med)
14,-0.060712934,0.00028167636,0.00012673203,2.2226138,-1.22261381149292,0.11037114532177111,0.049658267590420455,2.2226136890660024,-1.2226136890660024,0.8896289,0.9503418,0.84429336,Qwen3 235B (Med)
15,-0.001535058,0.00024874916,0.00024483138,1.0160019,-0.01600193977355957,0.09746906287197236,0.09593392723102795,1.0160020097712408,-0.016002009771240777,0.9025309,0.9040661,0.7788667,Qwen3 235B (Med)
16,0.0064888,0.0003636591,0.0003802191,0.9564462,0.043553829193115234,0.1424950134433541,0.14898380868010677,0.9564463058486765,0.043553694151323485,0.85750496,0.8510161,0.61208916,Qwen3 235B (Med)
17,-0.022590816,0.00027486982,0.00021721599,1.2654216,-0.26542162895202637,0.1077040999883719,0.08511320543657447,1.2654217337476725,-0.26542173374767253,0.8922959,0.9148868,0.86775655,Qwen3 235B (Med)
18,0.04870838,0.0004675575,0.00059186504,0.78997314,0.21002686023712158,0.18320620768894716,0.23191446805534038,0.789973170821019,0.21002682917898097,0.8167938,0.7680855,0.6749295,Qwen3 235B (Med)
19,-0.061304748,0.00049868395,0.00034222924,1.4571635,-0.4571634531021118,0.19540268314897327,0.13409797581777289,1.4571635549108362,-0.45716355491083616,0.8045973,0.865902,0.7690025,Qwen3 235B (Med)
20,-0.058095813,0.00030753936,0.00015927396,1.9308829,-0.9308829307556152,0.12050521701391045,0.0624093881559509,1.9308828459075345,-0.9308828459075345,0.8794948,0.93759066,0.767548,Qwen3 235B (Med)
21,0.1932081,0.00019786251,0.00069094566,0.2863648,0.7136352062225342,0.07752980221012742,0.2707378887805878,0.28636480309174367,0.7136351969082564,0.9224702,0.7292621,0.5539185,Qwen3 235B (Med)
22,-0.014256358,0.00033755542,0.000301172,1.1208061,-0.12080609798431396,0.132266614352684,0.11801025545958295,1.1208061014492394,-0.12080610144923942,0.86773336,0.8819898,0.6323589,Qwen3 235B (Med)
23,-0.03752303,0.0003284719,0.0002327099,1.4115081,-0.41150808334350586,0.12870736145327621,0.09118428805825672,1.4115081029206082,-0.41150810292060824,0.87129265,0.90881574,0.81689805,Qwen3 235B (Med)
24,-0.09146732,0.00036812332,0.00013469109,2.7330935,-1.733093500137329,0.14424423949906046,0.05277691476938269,2.7330934392311317,-1.7330934392311317,0.85575575,0.94722307,0.70780826,Qwen3 235B (Med)
25,-0.08639377,0.0004308919,0.00021040793,2.047888,-1.0478880405426025,0.1688392690435,0.0824455545624134,2.0478880873520517,-1.0478880873520517,0.8311607,0.91755444,0.47649932,Qwen3 235B (Med)
26,-0.03165853,0.0003399928,0.00025919735,1.311714,-0.3117140531539917,0.13322168885774544,0.1015630419917267,1.3117142441302383,-0.3117142441302383,0.8667783,0.8984369,0.5211527,Qwen3 235B (Med)
27,-0.08485389,0.00031759136,0.00010103732,3.1433072,-2.1433072090148926,0.12444396404912648,0.03959013372874795,3.1433074942801427,-2.1433074942801427,0.87555605,0.9604099,0.70215017,Qwen3 235B (Med)
28,-0.023294032,0.00039939312,0.00033994508,1.1748754,-0.1748753786087036,0.15649688266008627,0.13320296633185919,1.1748753572814068,-0.1748753572814068,0.84350306,0.8667971,0.6452352,Qwen3 235B (Med)
29,-0.05944431,0.00042254446,0.00027083777,1.5601386,-0.5601385831832886,0.16556845286703914,0.10612418978489527,1.5601386752881916,-0.5601386752881916,0.8344316,0.89387584,0.69200456,Qwen3 235B (Med)
30,-0.062496305,0.00051141484,0.00035191918,1.4532167,-0.45321667194366455,0.20039111039166685,0.1378948613003872,1.4532166645074551,-0.4532166645074551,0.7996089,0.8621052,0.074693255,Qwen3 235B (Med)
1,0.010813236,0.00028542196,0.00031301842,0.9118376,0.08816242218017578,0.11183881423834849,0.12265210873216731,0.9118376797138354,0.08816232028616455,0.88816106,0.87734795,0.882559,Mistral Small 24B (Med)
2,0.019888878,0.00028104885,0.0003318071,0.84702486,0.1529751420021057,0.11012527911601186,0.13001421506255784,0.8470249123376533,0.1529750876623467,0.88987464,0.8699859,0.81173086,Mistral Small 24B (Med)
3,0.085421264,0.00050494476,0.000722947,0.69845337,0.3015466332435608,0.19785590505325373,0.28327719231756043,0.698453353884744,0.30154664611525595,0.8021441,0.71672285,0.5195635,Mistral Small 24B (Med)
4,-0.008122921,0.00024723398,0.00022650363,1.0915233,-0.09152328968048096,0.09687534680491407,0.08875243388385792,1.091523269454062,-0.09152326945406197,0.90312463,0.9112476,0.82622373,Mistral Small 24B (Med)
5,-0.052062333,0.0003479952,0.0002151275,1.6176231,-0.6176230907440186,0.13635730347880132,0.08429485980008289,1.617622993883516,-0.617622993883516,0.8636427,0.91570514,0.760758,Mistral Small 24B (Med)
6,0.0502159,0.00043099598,0.000559151,0.7708043,0.2291957139968872,0.16888006392766847,0.21909589913700261,0.7708043125995081,0.2291956874004919,0.8311199,0.7809041,0.6513835,Mistral Small 24B (Med)
7,0.007153094,0.00023172097,0.0002499762,0.9269721,0.07302790880203247,0.09079679096082825,0.09794985846696123,0.9269721506688472,0.0730278493311528,0.90920323,0.9020502,0.812828,Mistral Small 24B (Med)
8,0.20025563,0.00034986317,0.0008609322,0.40637714,0.5936228632926941,0.13708923251048213,0.3373448742572126,0.40637710240101893,0.593622897598981,0.86291075,0.6626552,0.25342628,Mistral Small 24B (Med)
9,0.020458937,0.00022292351,0.00027513667,0.8102283,0.18977171182632446,0.08734961281136185,0.10780865707727814,0.8102281874149394,0.1897718125850606,0.91265047,0.8921914,0.84878576,Mistral Small 24B (Med)
10,0.13220972,0.00028002216,0.00061743247,0.45352677,0.5464732348918915,0.10972297202340973,0.2419327215616658,0.4535267958594127,0.5464732041405873,0.890277,0.75806725,0.2724642,Mistral Small 24B (Med)
11,0.02270174,0.00022604976,0.00028398648,0.7959877,0.20401227474212646,0.08857459622251852,0.11127633984390722,0.7959876856730411,0.20401231432695888,0.9114254,0.8887237,0.8156118,Mistral Small 24B (Med)
12,0.13081849,0.00027527835,0.00060913805,0.45191455,0.5480854511260986,0.10786416365118298,0.2386826561173728,0.4519145437955094,0.5480854562044906,0.8921358,0.7613174,0.14495228,Mistral Small 24B (Med)
13,-0.011724472,0.00031035393,0.00028043202,1.1066993,-0.10669934749603271,0.12160808117859238,0.10988356207049665,1.1066994815891915,-0.10669948158919151,0.87839186,0.8901164,0.7868909,Mistral Small 24B (Med)
14,0.0007315874,0.00021472615,0.00021659315,0.99138016,0.008619844913482666,0.08413759501867887,0.08486915202228204,0.9913801777657553,0.008619822234244734,0.9158624,0.9151309,0.88589627,Mistral Small 24B (Med)
15,0.015494466,0.00029090184,0.00033044475,0.88033426,0.11966574192047119,0.11398601427266768,0.1294804010966186,0.8803341147175705,0.1196658852824295,0.88601404,0.8705196,0.77045715,Mistral Small 24B (Med)
16,-0.04421562,0.0003638394,0.0002509975,1.4495739,-0.4495738744735718,0.14256565911251703,0.09835003516596709,1.4495740532470116,-0.4495740532470116,0.85743433,0.90165,0.69007355,Mistral Small 24B (Med)
17,-0.03559351,0.0003570187,0.00026618136,1.341261,-0.34126102924346924,0.13989305385732526,0.10429963124240069,1.341261250791986,-0.3412612507919861,0.86010695,0.89570045,0.76365995,Mistral Small 24B (Med)
18,0.17954051,0.00039010725,0.0008483096,0.45986423,0.5401357710361481,0.15285834848519442,0.3323988833313609,0.45986420577957654,0.5401357942204235,0.8471417,0.66760117,0.1958259,Mistral Small 24B (Med)
19,-0.04271251,0.00040115902,0.00029215295,1.373113,-0.3731130361557007,0.15718882766962666,0.11447625715755594,1.3731129194177318,-0.37311291941773184,0.8428111,0.88552374,0.7946657,Mistral Small 24B (Med)
20,0.011665165,0.00020983873,0.00023960944,0.8757532,0.12424677610397339,0.08222252447480911,0.09388778047861805,0.8757532029797469,0.1242467970202531,0.9177774,0.9061123,0.8247352,Mistral Small 24B (Med)
21,0.074190855,0.0002213221,0.00041066328,0.5389381,0.46106189489364624,0.0867221228816274,0.1609129608005248,0.5389380846029685,0.46106191539703145,0.91327786,0.839087,0.38267896,Mistral Small 24B (Med)
22,0.11995059,0.0005215335,0.00082765735,0.63013214,0.36986786127090454,0.20435596093966407,0.3243065559665868,0.6301320685010104,0.36986793149898956,0.79564404,0.67569345,0.48292324,Mistral Small 24B (Med)
23,0.029711306,0.0002776097,0.0003534353,0.7854612,0.2145388126373291,0.1087776785828171,0.13848894355281996,0.7854611046356136,0.21453889536438642,0.8912223,0.86151105,0.7556674,Mistral Small 24B (Med)
24,-0.026153266,0.00026042652,0.00019368094,1.3446162,-0.344616174697876,0.10204468643737705,0.07589130990580477,1.344616222384796,-0.34461622238479594,0.8979554,0.9241086,0.83332366,Mistral Small 24B (Med)
25,-0.040406942,0.0004099179,0.00030679596,1.3361255,-0.3361254930496216,0.16062089877402297,0.12021393548814271,1.3361254510286438,-0.3361254510286438,0.8393791,0.8797861,0.44140366,Mistral Small 24B (Med)
26,0.115609944,0.0003432789,0.0006383253,0.5377805,0.4622194766998291,0.13450928958695177,0.2501193078130104,0.537780512680417,0.46221948731958296,0.8654907,0.74988073,0.5372672,Mistral Small 24B (Med)
27,-0.07133013,0.00036217924,0.00018013867,2.0105581,-1.0105581283569336,0.14191513097753403,0.07058494598480637,2.0105580446017726,-1.0105580446017726,0.85808486,0.92941505,0.75367874,Mistral Small 24B (Med)
28,-0.03682512,0.00036985616,0.0002758756,1.3406628,-0.3406628370285034,0.14492323519467365,0.10809818543280761,1.3406629779623451,-0.3406629779623451,0.85507673,0.8919019,0.7167207,Mistral Small 24B (Med)
29,-0.062883854,0.0003753087,0.00021482352,1.7470559,-0.7470558881759644,0.1470597345981285,0.08417574265660219,1.7470559802253685,-0.7470559802253685,0.8529403,0.9158242,0.8289758,Mistral Small 24B (Med)
30,-0.004469812,0.00055684143,0.0005454339,1.0209146,-0.020914554595947266,0.21819092320596714,0.21372106068290253,1.020914469115875,-0.020914469115874912,0.78180915,0.78627896,0.021795224,Mistral Small 24B (Med)
1,0.0045229793,0.0004226492,0.0004341925,0.9734143,0.026585698127746582,0.16560947605562776,0.17013258667163017,0.9734142018029011,0.026585798197098942,0.8343905,0.8298675,0.8323994,Ministral 14B (Med)
2,0.040010154,0.00032469878,0.0004268079,0.7607609,0.23923909664154053,0.12722890376351745,0.16723900371109413,0.7607609525305816,0.23923904746941838,0.872771,0.832761,0.82839024,Ministral 14B (Med)
3,0.02344215,0.0006133047,0.0006731311,0.91112226,0.08887773752212524,0.2403153169158394,0.26375749662662795,0.9111222239723749,0.08887777602762514,0.7596847,0.7362425,0.49102104,Ministral 14B (Med)
4,-0.03469169,0.00039457504,0.00030603865,1.289298,-0.28929805755615234,0.15460899853203813,0.1199171926369825,1.2892980158406133,-0.2892980158406133,0.84539104,0.8800828,0.7045916,Ministral 14B (Med)
5,-0.056337297,0.00060881575,0.00046503832,1.3091733,-0.3091733455657959,0.23855638847589838,0.18221909038615297,1.3091734130071508,-0.30917341300715084,0.7614436,0.81778085,0.6366614,Ministral 14B (Med)
6,-0.018768549,0.000576338,0.00052843924,1.0906419,-0.09064185619354248,0.22583038237782516,0.2070619025983234,1.0906418783174734,-0.09064187831747339,0.7741696,0.7929381,0.53108484,Ministral 14B (Med)
7,-0.08432543,0.0004799172,0.00026471142,1.8129826,-0.8129825592041016,0.18804918752068356,0.10372366006040584,1.8129825674409177,-0.8129825674409177,0.81195086,0.8962763,0.7632179,Ministral 14B (Med)
8,0.080233574,0.00048177186,0.0006865345,0.70174456,0.29825544357299805,0.18877589754624943,0.26900946702298273,0.7017444390911396,0.2982555609088604,0.8112241,0.7309906,0.54657656,Ministral 14B (Med)
9,0.007488787,0.00030081059,0.00031992237,0.9402612,0.05973881483078003,0.11786863559022098,0.1253573368692748,0.9402611648741135,0.059738835125886514,0.8821315,0.87464267,0.8634877,Ministral 14B (Med)
10,0.18980718,0.00042415768,0.0009085617,0.4668452,0.5331547856330872,0.1662005651951029,0.35600781622749433,0.46684527029849887,0.5331547297015011,0.8337994,0.6439922,0.15520026,Ministral 14B (Med)
11,-0.017638087,0.00032171299,0.0002766992,1.1626813,-0.16268134117126465,0.12605896763903116,0.10842091207040694,1.1626813059566434,-0.16268130595664343,0.87394094,0.89157903,0.8053351,Ministral 14B (Med)
12,0.07136023,0.0005518129,0.0007339303,0.75186,0.24813997745513916,0.21622056167397002,0.2875808639877173,0.7518600461649801,0.24813995383501986,0.7837794,0.71241915,0.36670887,Ministral 14B (Med)
13,-0.05885154,0.00043786343,0.00028766925,1.5221072,-0.5221072435379028,0.1715709845935376,0.11271938041418786,1.5221072362454375,-0.5221072362454375,0.82842904,0.88728064,0.8119086,Ministral 14B (Med)
14,-0.041503847,0.0003777983,0.0002718772,1.3895918,-0.3895918130874634,0.14803525009506635,0.10653146585959394,1.3895917877462933,-0.3895917877462933,0.8519647,0.8934685,0.84168947,Ministral 14B (Med)
15,-0.0061532855,0.0004607878,0.0004450844,1.0352818,-0.03528177738189697,0.18055357358625834,0.17440043195280885,1.0352816880356952,-0.0352816880356952,0.81944644,0.82559955,0.70413494,Ministral 14B (Med)
16,0.014779806,0.00044805612,0.00048577532,0.92235255,0.07764744758605957,0.1755648454667133,0.190344625740673,0.9223525212942141,0.07764747870578592,0.8244351,0.8096554,0.5700653,Ministral 14B (Med)
17,-0.026124716,0.0004154955,0.000348823,1.1911356,-0.19113564491271973,0.16280640513833694,0.13668165221624384,1.1911357705916603,-0.19113577059166031,0.8371936,0.8633183,0.7781984,Ministral 14B (Med)
18,0.124195635,0.0006017477,0.0009187055,0.65499526,0.34500473737716675,0.23578684948293915,0.3599825606421974,0.6549952004961099,0.34500479950389007,0.7642131,0.64001745,0.17858143,Ministral 14B (Med)
19,-0.05384493,0.00053074467,0.00039332765,1.3493704,-0.3493703603744507,0.2079652496122637,0.1541202288260184,1.3493702364472175,-0.34937023644721754,0.79203475,0.8458797,0.7099745,Ministral 14B (Med)
20,-0.072830975,0.00045090783,0.00026503726,1.7012998,-0.701299786567688,0.1766822599387884,0.10385133709851845,1.701299808698457,-0.701299808698457,0.82331777,0.8961487,0.77584374,Ministral 14B (Med)
21,0.16273719,0.00027969797,0.0006950169,0.40243334,0.5975666642189026,0.10959593934276318,0.2723331557101899,0.4024333322799389,0.5975666677200611,0.890404,0.72766685,0.43056747,Ministral 14B (Med)
22,0.045093417,0.0006552857,0.000770368,0.85061395,0.14938604831695557,0.25676499189198165,0.30185848148054417,0.8506138062863443,0.1493861937136557,0.743235,0.6981415,0.5020656,Ministral 14B (Med)
23,-0.024194717,0.00048069065,0.0004189438,1.147387,-0.14738702774047852,0.1883522444075303,0.16415756864324343,1.1473869037185127,-0.1473869037185127,0.8116478,0.83584243,0.72334737,Ministral 14B (Med)
24,-0.04898274,0.00050063827,0.00037563033,1.3327951,-0.3327951431274414,0.1961684609227885,0.14718575722062402,1.3327951333547978,-0.3327951333547978,0.8038315,0.8528143,0.71380526,Ministral 14B (Med)
25,-0.054326832,0.0005336741,0.000395027,1.3509814,-0.35098135471343994,0.20911309187098656,0.15478608904952226,1.3509811712090156,-0.3509811712090156,0.7908869,0.84521383,0.49014503,Ministral 14B (Med)
26,0.013865292,0.00040487896,0.0004402642,0.91962725,0.08037275075912476,0.158646447256388,0.17251168086090918,0.919627276626559,0.08037272337344104,0.84135365,0.82748836,0.40801454,Ministral 14B (Med)
27,-0.024316013,0.00036147618,0.0002994193,1.2072574,-0.20725739002227783,0.14163964791535122,0.11732349069285855,1.2072573623482614,-0.20725736234826142,0.85836035,0.8826765,0.64128274,Ministral 14B (Med)
28,-0.019825399,0.0005568512,0.0005062557,1.0999405,-0.09994053840637207,0.21819476302911614,0.19836960220313815,1.0999405181327946,-0.09994051813279459,0.7818052,0.8016304,0.62221575,Ministral 14B (Med)
29,-0.06512308,0.00058122945,0.00041502973,1.4004526,-0.4004526138305664,0.2277470580771134,0.16262389962532747,1.4004525694060006,-0.4004525694060006,0.772253,0.83737606,0.7123398,Ministral 14B (Med)
30,0.06293976,0.00047793795,0.0006385656,0.7484556,0.25154441595077515,0.18727365289990278,0.25021343206090174,0.748455633885876,0.251544366114124,0.8127264,0.74978656,0.108312964,Ministral 14B (Med)
